pa,tids,method,lambda_fg,lambda_br,lambda_am,nfg_mean,nbr_mean,nam_mean,nfg_contribution,nbr_contribution,nam_contribution,cmvi_mean
0.0,50,Q-TCID,1.0,1.0,1.0,9.4125,0.1125,0,9.4125,0.1125,0,9.525
0.0,50,TA-QTCID,1.0,1.0,1.0,9.525,0.1375,0,9.525,0.1375,0,9.6625
0.0,100,Q-TCID,1.0,1.0,1.0,4.9375,0.1375,0,4.9375,0.1375,0,5.075
0.0,100,TA-QTCID,1.0,1.0,1.0,4.7625,0.0875,0,4.7625,0.0875,0,4.85
0.0,200,Q-TCID,1.0,1.0,1.0,2.4875,0.1625,0,2.4875,0.1625,0,2.65
0.0,200,TA-QTCID,1.0,1.0,1.0,2.7,0.1375,0,2.7,0.1375,0,2.8375
0.0,350,Q-TCID,1.0,1.0,1.0,1.2,0.1625,0,1.2,0.1625,0,1.3625
0.0,350,TA-QTCID,1.0,1.0,1.0,1.625,0.1125,0,1.625,0.1125,0,1.7375
0.0,600,Q-TCID,1.0,1.0,1.0,0.825,0.225,0,0.825,0.225,0,1.05
0.0,600,TA-QTCID,1.0,1.0,1.0,0.8875,0.1375,0,0.8875,0.1375,0,1.025
0.0,1000,Q-TCID,1.0,1.0,1.0,0.4625,0.0875,0,0.4625,0.0875,0,0.55
0.0,1000,TA-QTCID,1.0,1.0,1.0,0.45,0.1625,0,0.45,0.1625,0,0.6125
0.0,1500,Q-TCID,1.0,1.0,1.0,0.1875,0.1625,0,0.1875,0.1625,0,0.35
0.0,1500,TA-QTCID,1.0,1.0,1.0,0.2875,0.175,0,0.2875,0.175,0,0.4625
0.25,50,Q-TCID,1.0,1.0,1.0,11.0125,0.1875,0.0375,11.0125,0.1875,0.0375,11.2375
0.25,50,TA-QTCID,1.0,1.0,1.0,10.975,0.075,0.025,10.975,0.075,0.025,11.075
0.25,100,Q-TCID,1.0,1.0,1.0,6.8,0.2,0.05,6.8,0.2,0.05,7.05
0.25,100,TA-QTCID,1.0,1.0,1.0,6.55,0.1,0.0375,6.55,0.1,0.0375,6.6875
0.25,200,Q-TCID,1.0,1.0,1.0,4.5625,0.3,0.05,4.5625,0.3,0.05,4.9125
0.25,200,TA-QTCID,1.0,1.0,1.0,4.7375,0.2,0,4.7375,0.2,0,4.9375
0.25,350,Q-TCID,1.0,1.0,1.0,3.45,0.4625,0.1,3.45,0.4625,0.1,4.0125
0.25,350,TA-QTCID,1.0,1.0,1.0,3.9875,0.2375,0.05,3.9875,0.2375,0.05,4.275
0.25,600,Q-TCID,1.0,1.0,1.0,3.4,0.6375,0.175,3.4,0.6375,0.175,4.2125
0.25,600,TA-QTCID,1.0,1.0,1.0,3.75,0.35,0.075,3.75,0.35,0.075,4.175
0.25,1000,Q-TCID,1.0,1.0,1.0,3.7,1.225,0.225,3.7,1.225,0.225,5.15
0.25,1000,TA-QTCID,1.0,1.0,1.0,4.1375,0.6875,0.075,4.1375,0.6875,0.075,4.9
0.25,1500,Q-TCID,1.0,1.0,1.0,4.1,2.1875,0.2875,4.1,2.1875,0.2875,6.575
0.25,1500,TA-QTCID,1.0,1.0,1.0,4.275,0.6125,0.1375,4.275,0.6125,0.1375,5.025
0.5,50,Q-TCID,1.0,1.0,1.0,12.9125,0.2625,0.0875,12.9125,0.2625,0.0875,13.2625
0.5,50,TA-QTCID,1.0,1.0,1.0,13.8125,0.0375,0.05,13.8125,0.0375,0.05,13.9
0.5,100,Q-TCID,1.0,1.0,1.0,9.075,0.3125,0.1125,9.075,0.3125,0.1125,9.5
0.5,100,TA-QTCID,1.0,1.0,1.0,9.175,0.1,0.075,9.175,0.1,0.075,9.35
0.5,200,Q-TCID,1.0,1.0,1.0,7.3125,0.4625,0.1875,7.3125,0.4625,0.1875,7.9625
0.5,200,TA-QTCID,1.0,1.0,1.0,7.325,0.1625,0.0375,7.325,0.1625,0.0375,7.525
0.5,350,Q-TCID,1.0,1.0,1.0,7.6,0.95,0.2875,7.6,0.95,0.2875,8.8375
0.5,350,TA-QTCID,1.0,1.0,1.0,8.2875,0.35,0.1125,8.2875,0.35,0.1125,8.75
0.5,600,Q-TCID,1.0,1.0,1.0,9.1875,1.5875,0.8125,9.1875,1.5875,0.8125,11.5875
0.5,600,TA-QTCID,1.0,1.0,1.0,9.05,0.5875,0.2,9.05,0.5875,0.2,9.8375
0.5,1000,Q-TCID,1.0,1.0,1.0,12.45,3.7,1.05,12.45,3.7,1.05,17.2
0.5,1000,TA-QTCID,1.0,1.0,1.0,12.05,1.1625,0.3125,12.05,1.1625,0.3125,13.525
0.5,1500,Q-TCID,1.0,1.0,1.0,14.1875,7.0625,2.4,14.1875,7.0625,2.4,23.65
0.5,1500,TA-QTCID,1.0,1.0,1.0,14.5,1.7625,0.8375,14.5,1.7625,0.8375,17.1
0.75,50,Q-TCID,1.0,1.0,1.0,14.7,0.225,0.2,14.7,0.225,0.2,15.125
0.75,50,TA-QTCID,1.0,1.0,1.0,15.35,0.1,0.1,15.35,0.1,0.1,15.55
0.75,100,Q-TCID,1.0,1.0,1.0,11.2625,0.3375,0.325,11.2625,0.3375,0.325,11.925
0.75,100,TA-QTCID,1.0,1.0,1.0,11.0875,0.125,0.125,11.0875,0.125,0.125,11.3375
0.75,200,Q-TCID,1.0,1.0,1.0,11.5375,0.55,0.4,11.5375,0.55,0.4,12.4875
0.75,200,TA-QTCID,1.0,1.0,1.0,10.6,0.075,0.1375,10.6,0.075,0.1375,10.8125
0.75,350,Q-TCID,1.0,1.0,1.0,13.3,0.9,0.8875,13.3,0.9,0.8875,15.0875
0.75,350,TA-QTCID,1.0,1.0,1.0,12.5875,0.25,0.1625,12.5875,0.25,0.1625,13.0
0.75,600,Q-TCID,1.0,1.0,1.0,17.7,2.425,2.25,17.7,2.425,2.25,22.375
0.75,600,TA-QTCID,1.0,1.0,1.0,15.8625,0.475,0.3,15.8625,0.475,0.3,16.6375
0.75,1000,Q-TCID,1.0,1.0,1.0,24.5,6.4625,4.2375,24.5,6.4625,4.2375,35.2
0.75,1000,TA-QTCID,1.0,1.0,1.0,21.075,1.25,0.875,21.075,1.25,0.875,23.2
0.75,1500,Q-TCID,1.0,1.0,1.0,30.1875,12.575,8.575,30.1875,12.575,8.575,51.3375
0.75,1500,TA-QTCID,1.0,1.0,1.0,28.3375,4.1625,2.7375,28.3375,4.1625,2.7375,35.2375
1.0,50,Q-TCID,1.0,1.0,1.0,17.075,0.175,0.2625,17.075,0.175,0.2625,17.5125
1.0,50,TA-QTCID,1.0,1.0,1.0,15.925,0.0625,0.0875,15.925,0.0625,0.0875,16.075
1.0,100,Q-TCID,1.0,1.0,1.0,14.4375,0.3,0.6,14.4375,0.3,0.6,15.3375
1.0,100,TA-QTCID,1.0,1.0,1.0,14.1875,0.025,0.125,14.1875,0.025,0.125,14.3375
1.0,200,Q-TCID,1.0,1.0,1.0,15.2625,0.55,1.05,15.2625,0.55,1.05,16.8625
1.0,200,TA-QTCID,1.0,1.0,1.0,13.475,0.1375,0.2625,13.475,0.1375,0.2625,13.875
1.0,350,Q-TCID,1.0,1.0,1.0,20.1875,1.275,2.15,20.1875,1.275,2.15,23.6125
1.0,350,TA-QTCID,1.0,1.0,1.0,15.975,0.175,0.3125,15.975,0.175,0.3125,16.4625
1.0,600,Q-TCID,1.0,1.0,1.0,28.0375,3.0375,4.475,28.0375,3.0375,4.475,35.55
1.0,600,TA-QTCID,1.0,1.0,1.0,21.7125,0.3375,0.6625,21.7125,0.3375,0.6625,22.7125
1.0,1000,Q-TCID,1.0,1.0,1.0,39.2125,7.5125,9.375,39.2125,7.5125,9.375,56.1
1.0,1000,TA-QTCID,1.0,1.0,1.0,33.4875,1.65,2.275,33.4875,1.65,2.275,37.4125
1.0,1500,Q-TCID,1.0,1.0,1.0,45.4625,13.7,16.7875,45.4625,13.7,16.7875,75.95
1.0,1500,TA-QTCID,1.0,1.0,1.0,46.3125,6.6125,8.6125,46.3125,6.6125,8.6125,61.5375
